CODI_PROVINCIA,PROVINCIA,CODI_MUNICIPI,MUNICIPI,ESTACIO,CODI_CONTAMINANT,ANY,MES,DIA,H01,V01,H02,V02,H03,V03,H04,V04,H05,V05,H06,V06,H07,V07,H08,V08,H09,V09,H10,V10,H11,V11,H12,V12,H13,V13,H14,V14,H15,V15,H16,V16,H17,V17,H18,V18,H19,V19,H20,V20,H21,V21,H22,V22,H23,V23,H24,V24
08,Barcelona,019,Barcelona,043,999,2023,8,23,21.3,V,19.4,V,17.3,V,17.4,V,17,V,14.8,V,15.8,V,13.9,V,14.1,V,17.6,V,11.2,V,14.3,V,12.8,V,11.5,V,16.5,V,18.9,V,16.4,V,15.7,V,16.2,V,16.6,V,18.1,V,20,V,21,V,20.1,V
08,Barcelona,019,Barcelona,043,999,2023,8,24,18.2,V,17.1,V,19,V,18.3,V,17.3,V,16.2,V,14.7,V,15.6,V,17.1,V,16.8,V,15.6,V,14.1,V,13.1,V,15.4,V,18.1,V,19.1,V,18.5,V,18.6,V,15.9,V,15.9,V,15.6,V,14.7,V,13.9,V,12.8,V
08,Barcelona,019,Barcelona,043,999,2023,8,25,,N,26.2,V,18.4,V,15.1,V,15.4,V,14.3,V,12.6,V,12.5,V,13,V,15.2,V,15.1,V,18,V,17.6,V,17,V,16.7,V,15.3,V,16.4,V,15.6,V,15.9,V,15,V,15.5,V,14,V,15.6,V,14,V
08,Barcelona,019,Barcelona,043,999,2023,8,26,16,V,13.1,V,14.2,V,14.2,V,13.2,V,15.6,V,17.9,V,,N,,N,,N,,N,,N,,N,,N,,N,,N,,N,,N,,N,,N,,N,,N,,N,,N
08,Barcelona,019,Barcelona,054,999,2023,8,23,18,V,13.1,V,14.2,V,13,V,12,V,13,V,11.8,V,11.7,V,11.1,V,13.3,V,13.1,V,10.4,V,9.6,V,10.1,V,10.3,V,11.9,V,10.9,V,13.3,V,15.2,V,14.9,V,17.6,V,19.6,V,13,V,14.7,V
08,Barcelona,019,Barcelona,054,999,2023,8,24,13.6,V,14.3,V,14.3,V,13.9,V,13.7,V,15.3,V,13.8,V,9.5,V,11.3,V,10.7,V,10.2,V,8.7,V,11.6,V,16.8,V,22.4,V,19.1,V,19.2,V,17.3,V,11.3,V,11.4,V,10.3,V,8,V,9.5,V,11,V
08,Barcelona,019,Barcelona,054,999,2023,8,25,,N,12.3,V,12.7,V,11,V,12.1,V,11.5,V,11.5,V,11.2,V,8.9,V,6,V,9.5,V,11.1,V,11.6,V,14.9,V,17.6,V,17,V,16.2,V,16.7,V,12.8,V,11,V,12.2,V,10.9,V,9.7,V,9.7,V
08,Barcelona,019,Barcelona,054,999,2023,8,26,9.6,V,7.1,V,7,V,8,V,7.7,V,7.7,V,8.9,V,,N,,N,,N,,N,,N,,N,,N,,N,,N,,N,,N,,N,,N,,N,,N,,N,,N
08,Barcelona,019,Barcelona,043,22,2023,8,23,2166,V,1320,V,1754,V,2612,V,3011,V,3307,V,4696,V,6845,V,5795,V,6937,V,7461,V,4334,V,2365,V,2303,V,2676,V,2194,V,2634,V,1473,V,1203,V,1468,V,1812,V,1765,V,2306,V,3829,V
08,Barcelona,019,Barcelona,043,22,2023,8,24,3815,V,4374,V,4617,V,2713,V,1907,V,2294,V,3094,V,3123,V,3946,V,3429,V,3714,V,3338,V,3501,V,2104,V,1342,V,1252,V,1192,V,1333,V,1425,V,1570,V,1309,V,1260,V,1186,V,906,V
08,Barcelona,019,Barcelona,043,22,2023,8,25,,N,829,V,749,V,740,V,812,V,1030,V,978,V,1084,V,1151,V,1503,V,2191,V,1522,V,2139,V,1728,V,1588,V,1272,V,1553,V,1184,V,1250,V,1371,V,1533,V,1553,V,1639,V,1363,V
08,Barcelona,019,Barcelona,043,22,2023,8,26,1535,V,1125,V,753,V,865,V,1106,V,928,V,850,V,,N,,N,,N,,N,,N,,N,,N,,N,,N,,N,,N,,N,,N,,N,,N,,N,,N
08,Barcelona,019,Barcelona,054,22,2023,8,23,939,V,857,V,685,V,638,V,595,V,845,V,1526,V,2719,V,2601,V,1212,V,1150,V,2099,V,1784,V,1185,V,1090,V,1141,V,1026,V,973,V,737,V,808,V,1125,V,1433,V,1989,V,1031,V
08,Barcelona,019,Barcelona,054,22,2023,8,24,798,V,883,V,1030,V,1672,V,1912,V,2095,V,3096,V,5699,V,2162,V,1732,V,1727,V,2468,V,2349,V,1154,V,624,V,590,V,602,V,618,V,681,V,751,V,857,V,889,V,977,V,849,V
08,Barcelona,019,Barcelona,054,22,2023,8,25,,N,811,V,737,V,644,V,820,V,877,V,2439,V,2264,V,1216,V,698,V,821,V,905,V,830,V,706,V,635,V,654,V,644,V,645,V,654,V,570,V,612,V,589,V,598,V,674,V
08,Barcelona,019,Barcelona,054,22,2023,8,26,850,V,588,V,558,V,651,V,644,V,629,V,618,V,,N,,N,,N,,N,,N,,N,,N,,N,,N,,N,,N,,N,,N,,N,,N,,N,,N
08,Barcelona,019,Barcelona,043,6,2023,8,23,0.3,V,0.2,V,0.3,V,0.5,V,0.5,V,0.5,V,0.6,V,1.1,V,1.2,V,0.9,V,0.6,V,0.5,V,0.4,V,0.3,V,0.4,V,0.4,V,0.5,V,0.4,V,0.3,V,0.4,V,0.4,V,0.3,V,0.4,V,0.6,V
08,Barcelona,019,Barcelona,043,6,2023,8,24,0.5,V,0.5,V,0.6,V,0.4,V,0.3,V,0.3,V,0.3,V,0.5,V,0.6,V,0.6,V,0.5,V,0.5,V,0.4,V,0.3,V,0.3,V,0.4,V,0.3,V,0.3,V,0.4,V,0.4,V,0.5,V,0.3,V,0.4,V,0.3,V
08,Barcelona,019,Barcelona,043,6,2023,8,25,0.3,V,0.2,V,0.2,V,0.2,V,0.2,V,0.2,V,0.2,V,0.2,V,0.3,V,0.3,V,0.4,V,0.3,V,0.3,V,0.3,V,0.4,V,0.3,V,0.3,V,0.3,V,0.3,V,0.3,V,0.4,V,0.4,V,0.3,V,0.3,V
08,Barcelona,019,Barcelona,043,6,2023,8,26,0.3,V,0.3,V,0.3,V,0.3,V,0.3,V,0.3,V,0.2,V,,N,,N,,N,,N,,N,,N,,N,,N,,N,,N,,N,,N,,N,,N,,N,,N,,N
08,Barcelona,019,Barcelona,044,6,2023,8,23,0.2,V,0.2,V,0.2,V,0.2,V,0.2,V,0.3,V,0.4,V,0.5,V,1,V,0.6,V,0.5,V,0.3,V,0.2,V,0.2,V,0.2,V,0.2,V,0.2,V,0.2,V,0.2,V,0.2,V,0.2,V,0.2,V,0.4,V,0.6,V
08,Barcelona,019,Barcelona,044,6,2023,8,24,0.8,V,0.6,V,0.6,V,0.2,V,0.2,V,0.2,V,0.2,V,0.2,V,0.3,V,0.2,V,0.2,V,0.2,V,0.2,V,0.2,V,0.2,V,0.2,V,0.2,V,0.2,V,0.2,V,0.2,V,0.2,V,0.2,V,0.2,V,0.2,V
08,Barcelona,019,Barcelona,044,6,2023,8,25,0.2,V,0.2,V,0.2,V,0.2,V,0.2,V,0.2,V,0.2,V,0.2,V,0.2,V,0.2,V,0.2,V,0.2,V,0.2,V,0.2,V,0.2,V,0.2,V,0.2,V,0.2,V,0.2,V,0.2,V,0.2,V,0.2,V,0.2,V,0.2,V
08,Barcelona,019,Barcelona,044,6,2023,8,26,0.2,V,0.2,V,0.2,V,0.2,V,0.2,V,0.2,V,0.2,V,,N,,N,,N,,N,,N,,N,,N,,N,,N,,N,,N,,N,,N,,N,,N,,N,,N
08,Barcelona,019,Barcelona,057,6,2023,8,23,0.2,V,0.2,V,0.2,V,0.2,V,0.2,V,0.2,V,0.2,V,0.2,V,0.2,V,0.2,V,0.2,V,0.2,V,0.2,V,0.3,V,0.2,V,0.2,V,0.2,V,0.2,V,0.3,V,0.3,V,0.4,V,0.5,V,0.5,V,0.5,V
08,Barcelona,019,Barcelona,057,6,2023,8,24,0.5,V,0.4,V,0.4,V,0.4,V,0.4,V,0.4,V,0.4,V,0.4,V,0.3,V,0.3,V,0.3,V,0.3,V,0.2,V,0.2,V,0.2,V,0.2,V,0.2,V,0.2,V,0.2,V,0.2,V,0.2,V,0.2,V,0.2,V,0.2,V
08,Barcelona,019,Barcelona,057,6,2023,8,25,0.2,V,0.2,V,0.2,V,0.2,V,0.2,V,0.2,V,0.2,V,0.2,V,0.2,V,0.2,V,0.2,V,0.2,V,0.2,V,0.2,V,0.2,V,0.2,V,0.2,V,0.2,V,0.2,V,0.2,V,0.2,V,0.2,V,0.2,V,0.2,V
08,Barcelona,019,Barcelona,057,6,2023,8,26,0.2,V,0.2,V,0.2,V,0.2,V,0.2,V,0.2,V,0.2,V,,N,,N,,N,,N,,N,,N,,N,,N,,N,,N,,N,,N,,N,,N,,N,,N,,N
08,Barcelona,019,Barcelona,054,6,2023,8,23,0.2,V,0.2,V,0.2,V,0.2,V,0.2,V,0.2,V,0.3,V,0.4,V,0.4,V,0.2,V,0.2,V,0.3,V,0.3,V,0.2,V,0.2,V,0.2,V,0.2,V,0.2,V,0.2,V,0.2,V,0.2,V,0.3,V,0.4,V,0.2,V
08,Barcelona,019,Barcelona,054,6,2023,8,24,0.2,V,0.2,V,0.2,V,0.2,V,0.3,V,0.3,V,0.4,V,0.5,V,0.3,V,0.2,V,0.2,V,0.3,V,0.3,V,0.2,V,0.2,V,0.2,V,0.2,V,0.2,V,0.2,V,0.2,V,0.2,V,0.2,V,0.2,V,0.2,V
08,Barcelona,019,Barcelona,054,6,2023,8,25,0.2,V,0.2,V,0.2,V,0.2,V,0.2,V,0.2,V,0.3,V,0.3,V,0.3,V,0.2,V,0.2,V,0.2,V,0.2,V,0.2,V,0.2,V,0.2,V,0.2,V,0.2,V,0.2,V,0.2,V,0.2,V,0.2,V,0.2,V,0.2,V
08,Barcelona,019,Barcelona,054,6,2023,8,26,0.2,V,0.2,V,0.2,V,0.2,V,0.2,V,0.2,V,0.2,V,,N,,N,,N,,N,,N,,N,,N,,N,,N,,N,,N,,N,,N,,N,,N,,N,,N
08,Barcelona,019,Barcelona,043,997,2023,8,23,3860.2,V,3862.1,V,3861,V,3860.9,V,3854.6,V,3849,V,3848.8,V,3849.3,V,3841.1,V,3836,V,3877.9,V,3867.6,V,3861.1,V,3861,V,3865.8,V,3873,V,3867.4,V,3861.1,V,3861,V,3861,V,3861,V,3858.3,V,3850.9,V,3877.1,V
08,Barcelona,019,Barcelona,043,997,2023,8,24,3874.8,V,3873,V,3872.1,V,3876.4,V,3886.1,V,3885,V,3885,V,3883.8,V,3875.9,V,3874.8,V,3874,V,3873,V,3872.4,V,3865.7,V,3861.6,V,3861,V,3861,V,3870.6,V,3885,V,3884.2,V,3877.9,V,3873.9,V,3873,V,3873,V
08,Barcelona,019,Barcelona,043,997,2023,8,25,,N,3861,V,3861,V,3861,V,3861,V,3861,V,3860.6,V,3857.6,V,3852.4,V,3849.4,V,3849,V,3849,V,3848.9,V,3847.2,V,3861.8,V,3872.9,V,3869.5,V,3862.6,V,3861,V,3861,V,3861,V,3860.8,V,3858.7,V,3853.6,V
08,Barcelona,019,Barcelona,043,997,2023,8,26,3849.5,V,3849,V,3849,V,3849,V,3871.6,V,3873,V,3873,V,,N,,N,,N,,N,,N,,N,,N,,N,,N,,N,,N,,N,,N,,N,,N,,N,,N
08,Barcelona,019,Barcelona,054,997,2023,8,23,3880,V,3880,V,3879.8,V,3876.8,V,3871.2,V,3868.4,V,3868,V,3868,V,3873,V,3892.8,V,3887.3,V,3880.5,V,3880,V,3880,V,3880,V,3880,V,3876.8,V,3869.5,V,3868,V,3868,V,3868,V,3868,V,3879.3,V,3869.8,V
08,Barcelona,019,Barcelona,054,997,2023,8,24,3868,V,3868,V,3868,V,3868,V,3863,V,3855.2,V,3855,V,3885,V,3905,V,3900.9,V,3893.7,V,3893,V,3893,V,3893,V,3893,V,3893,V,3893,V,3893,V,3926.8,V,3918.9,V,3918,V,3918,V,3918,V,3915.6,V
08,Barcelona,019,Barcelona,054,997,2023,8,25,,N,3904.4,V,3899.6,V,3894.1,V,3893,V,3893,V,3893,V,3893,V,3893,V,3893,V,3892.7,V,3890.4,V,3886.5,V,3883.7,V,3881.7,V,3880.2,V,3880,V,3880,V,3880,V,3914.6,V,3905,V,3905,V,3901.2,V,3894.1,V
08,Barcelona,019,Barcelona,054,997,2023,8,26,3893,V,3893,V,3893,V,3893,V,3893,V,3893,V,3893,V,,N,,N,,N,,N,,N,,N,,N,,N,,N,,N,,N,,N,,N,,N,,N,,N,,N
08,Barcelona,019,Barcelona,043,996,2023,8,23,1138.8,V,1136.9,V,1138,V,1138.2,V,1144.4,V,1150,V,1150.2,V,1149.7,V,1157.9,V,1163,V,1121.1,V,1131.4,V,1137.9,V,1138,V,1133.2,V,1126,V,1131.6,V,1137.9,V,1138,V,1138,V,1138,V,1140.7,V,1148.1,V,1121.9,V
08,Barcelona,019,Barcelona,043,996,2023,8,24,1124.2,V,1126,V,1127,V,1122.6,V,1113,V,1114.1,V,1114.1,V,1115.3,V,1123.1,V,1124.2,V,1125,V,1126,V,1126.6,V,1133.3,V,1137.4,V,1138,V,1138,V,1128.4,V,1114,V,1114.8,V,1121.1,V,1125.1,V,1126,V,1126,V
08,Barcelona,019,Barcelona,043,996,2023,8,25,,N,1138,V,1138,V,1138,V,1138,V,1138,V,1138.4,V,1141.4,V,1146.6,V,1149.6,V,1150,V,1150,V,1150.1,V,1151.8,V,1137.2,V,1126.1,V,1129.5,V,1136.4,V,1138,V,1138,V,1138,V,1138.2,V,1140.3,V,1145.4,V
08,Barcelona,019,Barcelona,043,996,2023,8,26,1149.5,V,1150,V,1150,V,1150,V,1127.4,V,1126,V,1126,V,,N,,N,,N,,N,,N,,N,,N,,N,,N,,N,,N,,N,,N,,N,,N,,N,,N
08,Barcelona,019,Barcelona,054,996,2023,8,23,1089,V,1089,V,1089.2,V,1092.2,V,1097.8,V,1100.7,V,1101,V,1101,V,1096,V,1076.3,V,1081.7,V,1088.5,V,1089,V,1089,V,1089,V,1089,V,1092.3,V,1099.5,V,1101,V,1101,V,1101,V,1101,V,1089.8,V,1099.2,V
08,Barcelona,019,Barcelona,054,996,2023,8,24,1101,V,1101,V,1101,V,1101,V,1106.1,V,1113.8,V,1114,V,1084,V,1064.1,V,1068.1,V,1075.3,V,1076,V,1076,V,1076,V,1076,V,1076,V,1076,V,1076,V,1042.2,V,1050.1,V,1051,V,1051,V,1051,V,1053.5,V
08,Barcelona,019,Barcelona,054,996,2023,8,25,,N,1064.7,V,1069.4,V,1075,V,1076,V,1076,V,1076,V,1076,V,1076,V,1076,V,1076.4,V,1078.7,V,1082.6,V,1085.4,V,1087.3,V,1088.9,V,1089,V,1089,V,1089,V,1054.5,V,1064,V,1064,V,1067.9,V,1075,V
08,Barcelona,019,Barcelona,054,996,2023,8,26,1076,V,1076,V,1076,V,1076,V,1076,V,1076,V,1076,V,,N,,N,,N,,N,,N,,N,,N,,N,,N,,N,,N,,N,,N,,N,,N,,N,,N
08,Barcelona,019,Barcelona,043,998,2023,8,23,4999,V,4999,V,4999,V,4999,V,4999,V,4999,V,4999,V,4999,V,4999,V,4999,V,4999,V,4999,V,4999,V,4999,V,4999,V,4999,V,4999,V,4999,V,4999,V,4999,V,4999,V,4999,V,4999,V,4999,V
08,Barcelona,019,Barcelona,043,998,2023,8,24,4999,V,4999,V,4999,V,4999,V,4999,V,4999.1,V,4999.1,V,4999.1,V,4999,V,4999,V,4999,V,4999,V,4999,V,4999,V,4999,V,4999,V,4999,V,4999,V,4999,V,4999,V,4999,V,4999,V,4999,V,4999,V
08,Barcelona,019,Barcelona,043,998,2023,8,25,,N,4999,V,4999,V,4999,V,4999,V,4999,V,4999,V,4999,V,4999,V,4999,V,4999,V,4999,V,4999,V,4999,V,4999,V,4999,V,4999,V,4999,V,4999,V,4999,V,4999,V,4999,V,4999,V,4999,V
08,Barcelona,019,Barcelona,043,998,2023,8,26,4999,V,4999,V,4999,V,4999,V,4999,V,4999,V,4999,V,,N,,N,,N,,N,,N,,N,,N,,N,,N,,N,,N,,N,,N,,N,,N,,N,,N
08,Barcelona,019,Barcelona,054,998,2023,8,23,4969,V,4969,V,4969,V,4969,V,4969,V,4969,V,4969,V,4969,V,4969,V,4969,V,4969,V,4969,V,4969,V,4969,V,4969,V,4969,V,4969,V,4969,V,4969,V,4969,V,4969,V,4969,V,4969,V,4969,V
08,Barcelona,019,Barcelona,054,998,2023,8,24,4969,V,4969,V,4969,V,4969,V,4969,V,4969,V,4969,V,4969,V,4969,V,4969,V,4969,V,4969,V,4969,V,4969,V,4969,V,4969,V,4969,V,4969,V,4969,V,4969,V,4969,V,4969,V,4969,V,4969,V
08,Barcelona,019,Barcelona,054,998,2023,8,25,,N,4969,V,4969,V,4969,V,4969,V,4969,V,4969,V,4969,V,4969,V,4969,V,4969,V,4969,V,4969,V,4969,V,4969,V,4969,V,4969,V,4969,V,4969,V,4969,V,4969,V,4969,V,4969,V,4969,V
08,Barcelona,019,Barcelona,054,998,2023,8,26,4969,V,4969,V,4969,V,4969,V,4969,V,4969,V,4969,V,,N,,N,,N,,N,,N,,N,,N,,N,,N,,N,,N,,N,,N,,N,,N,,N,,N
08,Barcelona,019,Barcelona,050,7,2023,8,23,1,V,1,V,3,V,7,V,14,V,11,V,3,V,12,V,41,V,21,V,12,V,10,V,2,V,1,V,1,V,1,V,1,V,7,V,26,V,28,V,57,V,1,V,3,V,8,V
08,Barcelona,019,Barcelona,050,7,2023,8,24,28,V,46,V,41,V,4,V,1,V,1,V,2,V,1,V,6,V,5,V,3,V,1,V,2,V,6,V,9,V,7,V,7,V,8,V,4,V,10,V,1,V,1,V,1,V,1,V
08,Barcelona,019,Barcelona,050,7,2023,8,25,1,V,1,V,1,V,1,V,1,V,1,V,1,V,3,V,1,V,5,V,3,V,5,V,2,V,1,V,1,V,1,V,4,V,15,V,7,V,5,V,3,V,1,V,1,V,1,V
08,Barcelona,019,Barcelona,050,7,2023,8,26,1,V,1,V,1,V,1,V,1,V,1,V,1,V,,N,,N,,N,,N,,N,,N,,N,,N,,N,,N,,N,,N,,N,,N,,N,,N,,N
08,Barcelona,019,Barcelona,043,7,2023,8,23,1,V,2,V,10,V,27,V,30,V,26,V,52,V,97,V,78,V,119,V,124,V,61,V,9,V,8,V,12,V,16,V,21,V,12,V,5,V,3,V,7,V,1,V,2,V,9,V
08,Barcelona,019,Barcelona,043,7,2023,8,24,4,V,10,V,27,V,9,V,3,V,5,V,6,V,21,V,30,V,20,V,22,V,26,V,14,V,8,V,8,V,7,V,7,V,11,V,9,V,6,V,7,V,4,V,4,V,2,V
08,Barcelona,019,Barcelona,043,7,2023,8,25,2,V,1,V,2,V,1,V,2,V,1,V,1,V,1,V,3,V,10,V,14,V,14,V,18,V,14,V,13,V,11,V,9,V,8,V,11,V,8,V,9,V,7,V,6,V,6,V
08,Barcelona,019,Barcelona,043,7,2023,8,26,7,V,3,V,3,V,4,V,3,V,3,V,3,V,,N,,N,,N,,N,,N,,N,,N,,N,,N,,N,,N,,N,,N,,N,,N,,N,,N
08,Barcelona,019,Barcelona,044,7,2023,8,23,1,V,1,V,2,V,10,V,20,V,30,V,39,V,66,V,110,V,76,V,39,V,10,V,2,V,2,V,8,V,3,V,5,V,5,V,2,V,1,V,1,V,1,V,2,V,22,V
08,Barcelona,019,Barcelona,044,7,2023,8,24,35,V,42,V,64,V,2,V,3,V,3,V,4,V,3,V,13,V,6,V,8,V,13,V,9,V,2,V,4,V,3,V,3,V,1,V,3,V,3,V,1,V,1,V,1,V,1,V
08,Barcelona,019,Barcelona,044,7,2023,8,25,1,V,1,V,1,V,1,V,1,V,1,V,1,V,1,V,1,V,1,V,2,V,3,V,4,V,2,V,1,V,6,V,2,V,2,V,1,V,1,V,1,V,4,V,1,V,1,V
08,Barcelona,019,Barcelona,044,7,2023,8,26,2,V,1,V,1,V,1,V,1,V,1,V,1,V,,N,,N,,N,,N,,N,,N,,N,,N,,N,,N,,N,,N,,N,,N,,N,,N,,N
08,Barcelona,019,Barcelona,058,7,2023,8,23,1,V,1,V,1,V,1,V,1,V,1,V,1,V,1,V,1,V,2,V,1,V,5,V,3,V,2,V,3,V,2,V,2,V,1,V,1,V,1,V,1,V,1,V,1,V,1,V
08,Barcelona,019,Barcelona,058,7,2023,8,24,1,V,1,V,1,V,1,V,1,V,1,V,1,V,1,V,2,V,4,V,4,V,8,V,5,V,2,V,1,V,1,V,1,V,1,V,1,V,1,V,1,V,1,V,1,V,1,V
08,Barcelona,019,Barcelona,058,7,2023,8,25,1,V,1,V,1,V,1,V,1,V,1,V,1,V,1,V,1,V,1,V,1,V,1,V,1,V,1,V,1,V,1,V,1,V,1,V,1,V,1,V,1,V,1,V,1,V,1,V
08,Barcelona,019,Barcelona,058,7,2023,8,26,1,V,1,V,1,V,1,V,1,V,1,V,1,V,,N,,N,,N,,N,,N,,N,,N,,N,,N,,N,,N,,N,,N,,N,,N,,N,,N
08,Barcelona,019,Barcelona,057,7,2023,8,23,2,V,1,V,1,V,1,V,1,V,2,V,2,V,4,V,19,V,11,V,6,V,9,V,3,V,2,V,2,V,2,V,2,V,2,V,1,V,1,V,1,V,1,V,2,V,2,V
08,Barcelona,019,Barcelona,057,7,2023,8,24,1,V,1,V,1,V,1,V,1,V,3,V,6,V,17,V,10,V,10,V,8,V,6,V,4,V,2,V,2,V,2,V,2,V,2,V,2,V,1,V,1,V,1,V,1,V,1,V
08,Barcelona,019,Barcelona,057,7,2023,8,25,1,V,1,V,1,V,1,V,1,V,1,V,1,V,1,V,1,V,2,V,2,V,2,V,2,V,2,V,2,V,2,V,2,V,2,V,1,V,1,V,1,V,1,V,1,V,1,V
08,Barcelona,019,Barcelona,057,7,2023,8,26,1,V,1,V,1,V,1,V,1,V,1,V,1,V,,N,,N,,N,,N,,N,,N,,N,,N,,N,,N,,N,,N,,N,,N,,N,,N,,N
08,Barcelona,019,Barcelona,004,7,2023,8,23,1,V,4,V,3,V,2,V,1,V,1,V,3,V,3,V,7,V,12,V,16,V,11,V,2,V,1,V,1,V,1,V,1,V,2,V,6,V,11,V,18,V,20,V,15,V,19,V
08,Barcelona,019,Barcelona,004,7,2023,8,24,44,V,25,V,20,V,1,V,1,V,1,V,2,V,4,V,15,V,8,V,2,V,1,V,2,V,1,V,1,V,1,V,1,V,1,V,2,V,3,V,1,V,1,V,1,V,2,V
08,Barcelona,019,Barcelona,004,7,2023,8,25,1,V,1,V,1,V,1,V,1,V,1,V,1,V,1,V,1,V,3,V,2,V,2,V,2,V,2,V,1,V,1,V,1,V,1,V,1,V,1,V,2,V,1,V,1,V,1,V
08,Barcelona,019,Barcelona,004,7,2023,8,26,1,V,1,V,1,V,4,V,1,V,2,V,1,V,,N,,N,,N,,N,,N,,N,,N,,N,,N,,N,,N,,N,,N,,N,,N,,N,,N
08,Barcelona,019,Barcelona,042,7,2023,8,23,1,V,1,V,1,V,1,V,1,V,1,V,1,V,2,V,11,V,9,V,10,V,12,V,3,V,1,V,2,V,1,V,1,V,1,V,1,V,3,V,1,V,1,V,1,V,1,V
08,Barcelona,019,Barcelona,042,7,2023,8,24,1,V,1,V,3,V,3,V,1,V,1,V,1,V,4,V,9,V,7,V,6,V,5,V,2,V,2,V,1,V,1,V,1,V,1,V,1,V,1,V,1,V,1,V,1,V,1,V
08,Barcelona,019,Barcelona,042,7,2023,8,25,2,V,1,V,1,V,2,V,1,V,1,V,1,V,1,V,1,V,1,V,1,V,1,V,1,V,2,V,1,V,1,V,1,V,1,V,1,V,1,V,1,V,1,V,1,V,1,V
08,Barcelona,019,Barcelona,042,7,2023,8,26,1,V,1,V,1,V,1,V,2,V,1,V,1,V,,N,,N,,N,,N,,N,,N,,N,,N,,N,,N,,N,,N,,N,,N,,N,,N,,N
08,Barcelona,019,Barcelona,054,7,2023,8,23,1,V,1,V,1,V,1,V,1,V,1,V,1,V,5,V,7,V,2,V,1,V,4,V,4,V,2,V,1,V,2,V,2,V,2,V,1,V,1,V,1,V,1,V,1,V,1,V
08,Barcelona,019,Barcelona,054,7,2023,8,24,1,V,1,V,1,V,1,V,1,V,2,V,8,V,20,V,4,V,3,V,2,V,6,V,7,V,2,V,1,V,1,V,1,V,1,V,1,V,1,V,1,V,1,V,1,V,1,V
08,Barcelona,019,Barcelona,054,7,2023,8,25,1,V,1,V,1,V,1,V,1,V,1,V,3,V,5,V,4,V,1,V,1,V,1,V,1,V,1,V,1,V,1,V,1,V,1,V,1,V,1,V,1,V,1,V,1,V,1,V
08,Barcelona,019,Barcelona,054,7,2023,8,26,1,V,1,V,1,V,1,V,1,V,1,V,1,V,,N,,N,,N,,N,,N,,N,,N,,N,,N,,N,,N,,N,,N,,N,,N,,N,,N
08,Barcelona,019,Barcelona,050,8,2023,8,23,27,V,41,V,62,V,61,V,64,V,61,V,58,V,61,V,80,V,85,V,79,V,59,V,22,V,15,V,14,V,13,V,15,V,39,V,100,V,105,V,116,V,69,V,82,V,89,V
08,Barcelona,019,Barcelona,050,8,2023,8,24,91,V,86,V,86,V,45,V,18,V,29,V,45,V,32,V,43,V,41,V,25,V,15,V,22,V,27,V,39,V,39,V,38,V,42,V,35,V,64,V,51,V,38,V,14,V,15,V
08,Barcelona,019,Barcelona,050,8,2023,8,25,15,V,20,V,10,V,12,V,23,V,16,V,16,V,23,V,15,V,16,V,23,V,19,V,13,V,7,V,7,V,7,V,24,V,51,V,41,V,46,V,46,V,33,V,44,V,17,V
08,Barcelona,019,Barcelona,050,8,2023,8,26,9,V,6,V,6,V,6,V,5,V,5,V,5,V,,N,,N,,N,,N,,N,,N,,N,,N,,N,,N,,N,,N,,N,,N,,N,,N,,N
08,Barcelona,019,Barcelona,043,8,2023,8,23,39,V,23,V,47,V,80,V,71,V,80,V,85,V,95,V,107,V,147,V,158,V,129,V,44,V,40,V,61,V,77,V,77,V,43,V,27,V,31,V,53,V,40,V,61,V,86,V
08,Barcelona,019,Barcelona,043,8,2023,8,24,77,V,83,V,84,V,55,V,31,V,40,V,44,V,65,V,76,V,71,V,70,V,84,V,62,V,33,V,29,V,25,V,26,V,32,V,29,V,27,V,29,V,17,V,17,V,11,V
08,Barcelona,019,Barcelona,043,8,2023,8,25,12,V,9,V,9,V,9,V,25,V,14,V,13,V,18,V,18,V,24,V,36,V,34,V,36,V,29,V,26,V,24,V,23,V,21,V,22,V,23,V,28,V,26,V,21,V,24,V
08,Barcelona,019,Barcelona,043,8,2023,8,26,21,V,13,V,12,V,11,V,9,V,9,V,10,V,,N,,N,,N,,N,,N,,N,,N,,N,,N,,N,,N,,N,,N,,N,,N,,N,,N
08,Barcelona,019,Barcelona,044,8,2023,8,23,26,V,39,V,61,V,66,V,63,V,78,V,78,V,84,V,108,V,130,V,124,V,83,V,41,V,33,V,53,V,65,V,68,V,60,V,30,V,24,V,38,V,38,V,67,V,89,V
08,Barcelona,019,Barcelona,044,8,2023,8,24,95,V,95,V,88,V,49,V,35,V,38,V,40,V,41,V,56,V,51,V,62,V,80,V,69,V,29,V,28,V,27,V,27,V,22,V,22,V,26,V,20,V,12,V,9,V,13,V
08,Barcelona,019,Barcelona,044,8,2023,8,25,10,V,11,V,11,V,24,V,16,V,20,V,14,V,18,V,18,V,16,V,19,V,28,V,28,V,21,V,17,V,25,V,18,V,18,V,16,V,18,V,13,V,17,V,14,V,19,V
08,Barcelona,019,Barcelona,044,8,2023,8,26,23,V,8,V,4,V,6,V,10,V,10,V,7,V,,N,,N,,N,,N,,N,,N,,N,,N,,N,,N,,N,,N,,N,,N,,N,,N,,N
08,Barcelona,019,Barcelona,058,8,2023,8,23,7,V,4,V,2,V,2,V,2,V,2,V,2,V,2,V,3,V,19,V,12,V,40,V,24,V,18,V,24,V,16,V,12,V,12,V,10,V,13,V,11,V,2,V,7,V,3,V
08,Barcelona,019,Barcelona,058,8,2023,8,24,2,V,2,V,4,V,4,V,6,V,14,V,27,V,11,V,17,V,32,V,36,V,55,V,39,V,15,V,9,V,7,V,8,V,7,V,8,V,8,V,6,V,4,V,4,V,3,V
08,Barcelona,019,Barcelona,058,8,2023,8,25,12,V,15,V,7,V,11,V,14,V,3,V,1,V,8,V,18,V,2,V,6,V,9,V,9,V,8,V,6,V,7,V,7,V,5,V,4,V,4,V,5,V,5,V,4,V,3,V
08,Barcelona,019,Barcelona,058,8,2023,8,26,13,V,7,V,3,V,6,V,4,V,4,V,3,V,,N,,N,,N,,N,,N,,N,,N,,N,,N,,N,,N,,N,,N,,N,,N,,N,,N
08,Barcelona,019,Barcelona,057,8,2023,8,23,20,V,11,V,13,V,18,V,8,V,16,V,27,V,60,V,73,V,60,V,48,V,64,V,26,V,14,V,20,V,15,V,10,V,10,V,10,V,13,V,20,V,42,V,56,V,56,V
08,Barcelona,019,Barcelona,057,8,2023,8,24,47,V,45,V,25,V,38,V,42,V,50,V,52,V,58,V,47,V,50,V,49,V,49,V,28,V,11,V,8,V,8,V,7,V,8,V,7,V,8,V,7,V,5,V,6,V,6,V
08,Barcelona,019,Barcelona,057,8,2023,8,25,7,V,6,V,6,V,10,V,21,V,20,V,8,V,13,V,6,V,7,V,8,V,9,V,8,V,8,V,6,V,6,V,7,V,5,V,5,V,7,V,6,V,5,V,4,V,4,V
08,Barcelona,019,Barcelona,057,8,2023,8,26,14,V,8,V,3,V,2,V,11,V,11,V,10,V,,N,,N,,N,,N,,N,,N,,N,,N,,N,,N,,N,,N,,N,,N,,N,,N,,N
08,Barcelona,019,Barcelona,004,8,2023,8,23,23,V,49,V,49,V,48,V,44,V,28,V,34,V,48,V,53,V,58,V,73,V,61,V,19,V,10,V,9,V,8,V,11,V,20,V,50,V,68,V,76,V,73,V,71,V,85,V
08,Barcelona,019,Barcelona,004,8,2023,8,24,73,V,49,V,43,V,25,V,16,V,26,V,44,V,46,V,48,V,46,V,16,V,10,V,17,V,11,V,8,V,11,V,10,V,17,V,19,V,26,V,28,V,26,V,10,V,13,V
08,Barcelona,019,Barcelona,004,8,2023,8,25,10,V,13,V,12,V,9,V,17,V,20,V,15,V,17,V,19,V,17,V,18,V,15,V,12,V,10,V,8,V,7,V,8,V,9,V,12,V,17,V,21,V,23,V,19,V,10,V
08,Barcelona,019,Barcelona,004,8,2023,8,26,8,V,5,V,3,V,8,V,3,V,4,V,5,V,,N,,N,,N,,N,,N,,N,,N,,N,,N,,N,,N,,N,,N,,N,,N,,N,,N
08,Barcelona,019,Barcelona,042,8,2023,8,23,28,V,29,V,36,V,18,V,12,V,32,V,38,V,53,V,70,V,73,V,88,V,90,V,33,V,20,V,26,V,17,V,14,V,15,V,11,V,20,V,20,V,21,V,29,V,43,V
08,Barcelona,019,Barcelona,042,8,2023,8,24,58,V,69,V,60,V,61,V,29,V,29,V,26,V,59,V,57,V,59,V,55,V,52,V,31,V,17,V,11,V,10,V,10,V,10,V,8,V,9,V,8,V,6,V,6,V,6,V
08,Barcelona,019,Barcelona,042,8,2023,8,25,8,V,5,V,6,V,10,V,18,V,13,V,14,V,12,V,11,V,6,V,10,V,11,V,10,V,10,V,8,V,9,V,8,V,8,V,8,V,9,V,6,V,6,V,5,V,10,V
08,Barcelona,019,Barcelona,042,8,2023,8,26,20,V,9,V,5,V,6,V,9,V,5,V,7,V,,N,,N,,N,,N,,N,,N,,N,,N,,N,,N,,N,,N,,N,,N,,N,,N,,N
08,Barcelona,019,Barcelona,054,8,2023,8,23,15,V,11,V,8,V,7,V,4,V,13,V,30,V,63,V,65,V,28,V,18,V,40,V,38,V,18,V,11,V,22,V,25,V,28,V,13,V,13,V,23,V,49,V,60,V,21,V
08,Barcelona,019,Barcelona,054,8,2023,8,24,11,V,15,V,17,V,29,V,40,V,45,V,56,V,71,V,39,V,26,V,21,V,43,V,54,V,19,V,9,V,7,V,7,V,8,V,8,V,9,V,9,V,7,V,9,V,8,V
08,Barcelona,019,Barcelona,054,8,2023,8,25,5,V,21,V,32,V,22,V,16,V,17,V,48,V,52,V,32,V,6,V,7,V,11,V,10,V,9,V,7,V,7,V,7,V,6,V,6,V,7,V,6,V,5,V,4,V,6,V
08,Barcelona,019,Barcelona,054,8,2023,8,26,18,V,6,V,4,V,5,V,5,V,5,V,5,V,,N,,N,,N,,N,,N,,N,,N,,N,,N,,N,,N,,N,,N,,N,,N,,N,,N
08,Barcelona,019,Barcelona,050,12,2023,8,23,27,V,42,V,67,V,71,V,85,V,79,V,62,V,79,V,143,V,117,V,98,V,74,V,24,V,17,V,14,V,13,V,17,V,50,V,139,V,148,V,203,V,70,V,86,V,101,V
08,Barcelona,019,Barcelona,050,12,2023,8,24,133,V,155,V,149,V,51,V,18,V,29,V,47,V,33,V,52,V,49,V,29,V,16,V,25,V,35,V,52,V,50,V,49,V,55,V,41,V,78,V,53,V,38,V,15,V,15,V
08,Barcelona,019,Barcelona,050,12,2023,8,25,15,V,20,V,9,V,11,V,23,V,16,V,16,V,26,V,16,V,23,V,28,V,26,V,16,V,8,V,8,V,8,V,31,V,73,V,51,V,53,V,50,V,34,V,45,V,17,V
08,Barcelona,019,Barcelona,050,12,2023,8,26,9,V,6,V,6,V,6,V,5,V,5,V,5,V,,N,,N,,N,,N,,N,,N,,N,,N,,N,,N,,N,,N,,N,,N,,N,,N,,N
08,Barcelona,019,Barcelona,044,12,2023,8,23,22,V,35,V,62,V,80,V,94,V,124,V,137,V,185,V,277,V,247,V,184,V,99,V,43,V,33,V,63,V,69,V,76,V,66,V,28,V,18,V,33,V,32,V,66,V,122,V
08,Barcelona,019,Barcelona,044,12,2023,8,24,148,V,160,V,186,V,47,V,36,V,39,V,42,V,44,V,74,V,59,V,74,V,99,V,82,V,29,V,32,V,29,V,29,V,20,V,22,V,26,V,16,V,7,V,4,V,8,V
08,Barcelona,019,Barcelona,044,12,2023,8,25,4,V,6,V,5,V,19,V,10,V,15,V,8,V,14,V,13,V,11,V,17,V,31,V,32,V,21,V,16,V,33,V,18,V,16,V,13,V,15,V,8,V,18,V,10,V,15,V
08,Barcelona,019,Barcelona,044,12,2023,8,26,20,V,3,V,1,V,2,V,5,V,4,V,2,V,,N,,N,,N,,N,,N,,N,,N,,N,,N,,N,,N,,N,,N,,N,,N,,N,,N
08,Barcelona,019,Barcelona,058,12,2023,8,23,7,V,4,V,2,V,2,V,2,V,2,V,3,V,2,V,3,V,22,V,13,V,47,V,28,V,21,V,29,V,19,V,14,V,14,V,11,V,14,V,12,V,3,V,7,V,3,V
08,Barcelona,019,Barcelona,058,12,2023,8,24,2,V,2,V,4,V,5,V,6,V,14,V,28,V,11,V,19,V,37,V,43,V,66,V,46,V,18,V,10,V,9,V,9,V,9,V,9,V,9,V,6,V,4,V,5,V,4,V
08,Barcelona,019,Barcelona,058,12,2023,8,25,13,V,16,V,7,V,11,V,14,V,3,V,1,V,9,V,21,V,2,V,7,V,10,V,10,V,10,V,7,V,8,V,9,V,6,V,5,V,4,V,5,V,5,V,4,V,4,V
08,Barcelona,019,Barcelona,058,12,2023,8,26,13,V,7,V,3,V,6,V,4,V,4,V,4,V,,N,,N,,N,,N,,N,,N,,N,,N,,N,,N,,N,,N,,N,,N,,N,,N,,N
08,Barcelona,019,Barcelona,057,12,2023,8,23,22,V,13,V,15,V,20,V,10,V,18,V,30,V,66,V,102,V,77,V,56,V,78,V,31,V,17,V,24,V,18,V,13,V,12,V,12,V,15,V,22,V,44,V,59,V,59,V
08,Barcelona,019,Barcelona,057,12,2023,8,24,49,V,47,V,28,V,40,V,45,V,55,V,61,V,83,V,62,V,65,V,61,V,58,V,33,V,15,V,10,V,11,V,10,V,11,V,10,V,10,V,9,V,7,V,8,V,8,V
08,Barcelona,019,Barcelona,057,12,2023,8,25,9,V,8,V,8,V,12,V,23,V,22,V,10,V,14,V,8,V,9,V,10,V,13,V,12,V,11,V,9,V,9,V,10,V,8,V,7,V,9,V,8,V,7,V,6,V,6,V
08,Barcelona,019,Barcelona,057,12,2023,8,26,15,V,9,V,5,V,4,V,13,V,13,V,12,V,,N,,N,,N,,N,,N,,N,,N,,N,,N,,N,,N,,N,,N,,N,,N,,N,,N
08,Barcelona,019,Barcelona,004,12,2023,8,23,24,V,55,V,53,V,51,V,46,V,30,V,38,V,53,V,64,V,76,V,97,V,77,V,23,V,11,V,10,V,9,V,13,V,22,V,59,V,84,V,103,V,104,V,95,V,114,V
08,Barcelona,019,Barcelona,004,12,2023,8,24,140,V,87,V,73,V,25,V,16,V,26,V,47,V,53,V,71,V,58,V,19,V,12,V,20,V,13,V,9,V,12,V,11,V,19,V,20,V,30,V,29,V,27,V,11,V,15,V
08,Barcelona,019,Barcelona,004,12,2023,8,25,10,V,14,V,12,V,10,V,17,V,21,V,15,V,17,V,21,V,20,V,21,V,19,V,15,V,12,V,9,V,8,V,9,V,10,V,13,V,17,V,23,V,24,V,20,V,10,V
08,Barcelona,019,Barcelona,004,12,2023,8,26,8,V,5,V,4,V,13,V,2,V,5,V,5,V,,N,,N,,N,,N,,N,,N,,N,,N,,N,,N,,N,,N,,N,,N,,N,,N,,N
08,Barcelona,019,Barcelona,042,12,2023,8,23,29,V,29,V,36,V,19,V,12,V,32,V,38,V,56,V,86,V,86,V,103,V,108,V,36,V,21,V,28,V,18,V,15,V,16,V,12,V,23,V,20,V,21,V,29,V,43,V
08,Barcelona,019,Barcelona,042,12,2023,8,24,58,V,71,V,64,V,65,V,29,V,29,V,26,V,65,V,70,V,71,V,65,V,60,V,34,V,19,V,12,V,11,V,12,V,12,V,9,V,10,V,7,V,6,V,6,V,7,V
08,Barcelona,019,Barcelona,042,12,2023,8,25,10,V,6,V,7,V,11,V,19,V,13,V,14,V,13,V,11,V,7,V,12,V,13,V,12,V,12,V,9,V,10,V,9,V,9,V,8,V,9,V,7,V,6,V,5,V,10,V
08,Barcelona,019,Barcelona,042,12,2023,8,26,21,V,9,V,5,V,5,V,10,V,5,V,7,V,,N,,N,,N,,N,,N,,N,,N,,N,,N,,N,,N,,N,,N,,N,,N,,N,,N
08,Barcelona,019,Barcelona,054,12,2023,8,23,16,V,10,V,8,V,7,V,4,V,14,V,31,V,71,V,75,V,32,V,21,V,46,V,43,V,20,V,12,V,24,V,28,V,31,V,13,V,14,V,23,V,50,V,61,V,22,V
08,Barcelona,019,Barcelona,054,12,2023,8,24,12,V,15,V,17,V,30,V,41,V,48,V,69,V,101,V,45,V,32,V,23,V,51,V,65,V,21,V,10,V,8,V,8,V,9,V,9,V,9,V,9,V,7,V,9,V,8,V
08,Barcelona,019,Barcelona,054,12,2023,8,25,5,V,21,V,32,V,22,V,16,V,17,V,53,V,58,V,38,V,7,V,8,V,13,V,12,V,11,V,7,V,8,V,8,V,7,V,6,V,8,V,6,V,5,V,4,V,6,V
08,Barcelona,019,Barcelona,054,12,2023,8,26,18,V,6,V,3,V,6,V,5,V,5,V,5,V,,N,,N,,N,,N,,N,,N,,N,,N,,N,,N,,N,,N,,N,,N,,N,,N,,N
08,Barcelona,019,Barcelona,050,14,2023,8,23,56,V,27,V,5,V,2,V,2,V,2,V,4,V,6,V,6,V,21,V,47,V,81,V,129,V,141,V,165,V,162,V,111,V,60,V,14,V,13,V,4,V,38,V,18,V,7,V
08,Barcelona,019,Barcelona,050,14,2023,8,24,2,V,3,V,2,V,22,V,35,V,22,V,26,V,40,V,34,V,46,V,70,V,88,V,104,V,102,V,66,V,60,V,62,V,64,V,64,V,36,V,46,V,56,V,83,V,86,V
08,Barcelona,019,Barcelona,050,14,2023,8,25,80,V,69,V,81,V,64,V,46,V,56,V,57,V,64,V,77,V,83,V,72,V,72,V,78,V,86,V,84,V,85,V,75,V,50,V,50,V,48,V,40,V,54,V,42,V,63,V
08,Barcelona,019,Barcelona,050,14,2023,8,26,63,V,70,V,74,V,67,V,65,V,67,V,68,V,,N,,N,,N,,N,,N,,N,,N,,N,,N,,N,,N,,N,,N,,N,,N,,N,,N
08,Barcelona,019,Barcelona,043,14,2023,8,23,39,V,56,V,37,V,2,V,1,V,2,V,1,V,1,V,4,V,6,V,8,V,44,V,111,V,121,V,125,V,99,V,73,V,91,V,91,V,87,V,63,V,68,V,38,V,12,V
08,Barcelona,019,Barcelona,043,14,2023,8,24,11,V,4,V,1,V,23,V,38,V,32,V,30,V,17,V,14,V,33,V,52,V,53,V,91,V,97,V,86,V,90,V,86,V,83,V,80,V,78,V,76,V,85,V,85,V,91,V
08,Barcelona,019,Barcelona,043,14,2023,8,25,86,V,85,V,86,V,75,V,57,V,67,V,71,V,69,V,76,V,77,V,68,V,67,V,76,V,80,V,81,V,84,V,84,V,85,V,76,V,72,V,62,V,66,V,71,V,65,V
08,Barcelona,019,Barcelona,043,14,2023,8,26,66,V,73,V,82,V,72,V,68,V,69,V,67,V,,N,,N,,N,,N,,N,,N,,N,,N,,N,,N,,N,,N,,N,,N,,N,,N,,N
08,Barcelona,019,Barcelona,044,14,2023,8,23,61,V,41,V,15,V,8,V,5,V,2,V,2,V,3,V,4,V,9,V,30,V,77,V,116,V,122,V,136,V,115,V,89,V,76,V,88,V,94,V,80,V,83,V,41,V,12,V
08,Barcelona,019,Barcelona,044,14,2023,8,24,5,V,3,V,3,V,27,V,34,V,30,V,33,V,38,V,36,V,59,V,63,V,54,V,83,V,104,V,89,V,95,V,91,V,97,V,91,V,85,V,91,V,92,V,94,V,87,V
08,Barcelona,019,Barcelona,044,14,2023,8,25,90,V,83,V,79,V,66,V,74,V,68,V,76,V,75,V,82,V,86,V,86,V,76,V,78,V,87,V,89,V,83,V,92,V,90,V,85,V,79,V,76,V,75,V,75,V,66,V
08,Barcelona,019,Barcelona,044,14,2023,8,26,64,V,79,V,88,V,75,V,68,V,69,V,72,V,,N,,N,,N,,N,,N,,N,,N,,N,,N,,N,,N,,N,,N,,N,,N,,N,,N
08,Barcelona,019,Barcelona,058,14,2023,8,23,105,V,109,V,127,V,134,V,137,V,138,V,132,V,125,V,121,V,104,V,109,V,106,V,124,V,132,V,137,V,149,V,133,V,125,V,114,V,111,V,114,V,135,V,124,V,121,V
08,Barcelona,019,Barcelona,058,14,2023,8,24,123,V,123,V,123,V,120,V,111,V,89,V,52,V,95,V,90,V,76,V,94,V,99,V,130,V,135,V,121,V,119,V,117,V,115,V,112,V,109,V,108,V,96,V,96,V,102,V
08,Barcelona,019,Barcelona,058,14,2023,8,25,97,V,92,V,101,V,97,V,92,V,104,V,111,V,100,V,87,V,106,V,101,V,101,V,102,V,106,V,111,V,106,V,107,V,104,V,103,V,106,V,93,V,93,V,91,V,87,V
08,Barcelona,019,Barcelona,058,14,2023,8,26,75,V,75,V,85,V,77,V,80,V,82,V,79,V,,N,,N,,N,,N,,N,,N,,N,,N,,N,,N,,N,,N,,N,,N,,N,,N,,N
08,Barcelona,019,Barcelona,057,14,2023,8,23,60,V,73,V,67,V,62,V,80,V,66,V,46,V,19,V,16,V,44,V,80,V,74,V,112,V,120,V,137,V,137,V,125,V,114,V,109,V,108,V,99,V,67,V,30,V,20,V
08,Barcelona,019,Barcelona,057,14,2023,8,24,19,V,18,V,46,V,35,V,19,V,6,V,2,V,3,V,21,V,36,V,61,V,88,V,107,V,112,V,107,V,107,V,105,V,107,V,107,V,103,V,103,V,96,V,98,V,96,V
08,Barcelona,019,Barcelona,057,14,2023,8,25,89,V,78,V,74,V,64,V,55,V,56,V,71,V,60,V,88,V,92,V,88,V,87,V,92,V,98,V,101,V,97,V,100,V,100,V,97,V,96,V,84,V,90,V,85,V,76,V
08,Barcelona,019,Barcelona,057,14,2023,8,26,67,V,75,V,88,V,85,V,65,V,65,V,67,V,,N,,N,,N,,N,,N,,N,,N,,N,,N,,N,,N,,N,,N,,N,,N,,N,,N
08,Barcelona,019,Barcelona,054,14,2023,8,23,81,V,89,V,101,V,106,V,114,V,99,V,74,V,38,V,49,V,92,V,111,V,108,V,122,V,134,V,153,V,151,V,128,V,113,V,112,V,110,V,98,V,69,V,59,V,87,V
08,Barcelona,019,Barcelona,054,14,2023,8,24,96,V,87,V,81,V,49,V,33,V,25,V,12,V,9,V,51,V,74,V,105,V,95,V,103,V,136,V,120,V,120,V,118,V,115,V,111,V,106,V,103,V,95,V,88,V,91,V
08,Barcelona,019,Barcelona,054,14,2023,8,25,96,V,69,V,54,V,66,V,63,V,69,V,29,V,39,V,70,V,99,V,101,V,97,V,100,V,104,V,109,V,106,V,106,V,103,V,101,V,97,V,88,V,89,V,88,V,78,V
08,Barcelona,019,Barcelona,054,14,2023,8,26,69,V,78,V,83,V,72,V,75,V,77,V,76,V,,N,,N,,N,,N,,N,,N,,N,,N,,N,,N,,N,,N,,N,,N,,N,,N,,N
08,Barcelona,019,Barcelona,043,10,2023,8,23,48,V,48,V,57,V,49,V,40,V,39,V,42,V,55,V,51,V,71,V,60,V,57,V,45,V,45,V,38,V,46,V,43,V,36,V,33,V,35,V,36,V,41,V,40,V,53,V
08,Barcelona,019,Barcelona,043,10,2023,8,24,60,V,44,V,47,V,43,V,38,V,37,V,38,V,42,V,51,V,50,V,46,V,49,V,50,V,34,V,29,V,32,V,35,V,31,V,44,V,32,V,28,V,28,V,25,V,21,V
08,Barcelona,019,Barcelona,043,10,2023,8,25,23,V,25,V,21,V,21,V,22,V,20,V,21,V,26,V,29,V,35,V,30,V,29,V,25,V,24,V,24,V,24,V,27,V,37,V,24,V,28,V,29,V,26,V,23,V,21,V
08,Barcelona,019,Barcelona,043,10,2023,8,26,20,V,19,V,22,V,19,V,22,V,21,V,20,V,,N,,N,,N,,N,,N,,N,,N,,N,,N,,N,,N,,N,,N,,N,,N,,N,,N
08,Barcelona,019,Barcelona,044,10,2023,8,23,33,V,41,V,46,V,44,V,40,V,47,V,56,V,65,V,66,V,87,V,81,V,64,V,55,V,46,V,44,V,50,V,54,V,41,V,32,V,31,V,34,V,33,V,49,V,51,V
08,Barcelona,019,Barcelona,044,10,2023,8,24,49,V,62,V,54,V,51,V,40,V,32,V,39,V,59,V,56,V,44,V,61,V,61,V,58,V,29,V,26,V,36,V,34,V,35,V,31,V,34,V,35,V,34,V,30,V,23,V
08,Barcelona,019,Barcelona,044,10,2023,8,25,15,V,15,V,21,V,16,V,22,V,26,V,28,V,39,V,35,V,33,V,25,V,31,V,36,V,29,V,27,V,32,V,31,V,25,V,31,V,27,V,22,V,32,V,27,V,25,V
08,Barcelona,019,Barcelona,044,10,2023,8,26,26,V,25,V,20,V,22,V,23,V,20,V,18,V,,N,,N,,N,,N,,N,,N,,N,,N,,N,,N,,N,,N,,N,,N,,N,,N,,N
08,Barcelona,019,Barcelona,058,10,2023,8,23,35,V,37,V,25,V,20,V,22,V,27,V,28,V,26,V,26,V,30,V,32,V,44,V,41,V,35,V,34,V,35,V,34,V,31,V,32,V,28,V,33,V,23,V,26,V,25,V
08,Barcelona,019,Barcelona,058,10,2023,8,24,23,V,23,V,28,V,26,V,27,V,32,V,40,V,38,V,34,V,42,V,46,V,55,V,53,V,29,V,20,V,22,V,28,V,31,V,29,V,35,V,34,V,27,V,19,V,12,V
08,Barcelona,019,Barcelona,058,10,2023,8,25,17,V,13,V,20,V,22,V,22,V,19,V,25,V,26,V,24,V,19,V,21,V,25,V,21,V,20,V,19,V,21,V,20,V,20,V,21,V,19,V,32,V,25,V,22,V,19,V
08,Barcelona,019,Barcelona,058,10,2023,8,26,20,V,17,V,9,V,42,V,16,V,2,V,45,V,,N,,N,,N,,N,,N,,N,,N,,N,,N,,N,,N,,N,,N,,N,,N,,N,,N
08,Barcelona,019,Barcelona,057,10,2023,8,23,33,V,32,V,35,V,28,V,21,V,21,V,23,V,27,V,60,V,142,V,79,V,51,V,30,V,25,V,25,V,24,V,19,V,20,V,19,V,24,V,35,V,39,V,40,V,34,V
08,Barcelona,019,Barcelona,057,10,2023,8,24,35,V,29,V,25,V,28,V,29,V,31,V,31,V,43,V,48,V,112,V,54,V,67,V,50,V,25,V,22,V,25,V,25,V,23,V,18,V,16,V,15,V,14,V,14,V,14,V
08,Barcelona,019,Barcelona,057,10,2023,8,25,17,V,17,V,14,V,14,V,15,V,16,V,15,V,16,V,18,V,21,V,19,V,19,V,16,V,14,V,17,V,15,V,15,V,14,V,14,V,14,V,15,V,14,V,13,V,15,V
08,Barcelona,019,Barcelona,057,10,2023,8,26,15,V,14,V,14,V,14,V,16,V,16,V,15,V,,N,,N,,N,,N,,N,,N,,N,,N,,N,,N,,N,,N,,N,,N,,N,,N,,N
08,Barcelona,019,Barcelona,004,10,2023,8,23,35,V,38,V,41,V,28,V,18,V,22,V,24,V,43,V,50,V,66,V,56,V,62,V,55,V,45,V,47,V,29,V,29,V,47,V,76,V,78,V,89,V,65,V,47,V,53,V
08,Barcelona,019,Barcelona,004,10,2023,8,24,67,V,51,V,31,V,56,V,31,V,17,V,14,V,54,V,31,V,56,V,73,V,37,V,41,V,31,V,32,V,37,V,1,V,1,V,5,V,10,V,39,V,30,V,25,V,13,V
08,Barcelona,019,Barcelona,004,10,2023,8,25,12,V,17,V,20,V,17,V,11,V,26,V,24,V,113,V,38,V,32,V,45,V,41,V,33,V,33,V,37,V,37,V,29,V,30,V,46,V,36,V,33,V,31,V,31,V,26,V
08,Barcelona,019,Barcelona,004,10,2023,8,26,21,V,21,V,19,V,20,V,22,V,17,V,15,V,,N,,N,,N,,N,,N,,N,,N,,N,,N,,N,,N,,N,,N,,N,,N,,N,,N
08,Barcelona,019,Barcelona,054,10,2023,8,23,43,V,45,V,30,V,22,V,21,V,25,V,31,V,41,V,34,V,31,V,34,V,53,V,52,V,38,V,37,V,39,V,42,V,39,V,35,V,42,V,51,V,46,V,49,V,44,V
08,Barcelona,019,Barcelona,054,10,2023,8,24,25,V,26,V,32,V,39,V,39,V,35,V,42,V,61,V,34,V,34,V,40,V,70,V,56,V,27,V,33,V,38,V,48,V,42,V,43,V,44,V,46,V,32,V,25,V,15,V
08,Barcelona,019,Barcelona,054,10,2023,8,25,21,V,16,V,18,V,23,V,24,V,21,V,23,V,41,V,51,V,26,V,27,V,30,V,30,V,26,V,21,V,32,V,34,V,30,V,35,V,26,V,32,V,31,V,23,V,20,V
08,Barcelona,019,Barcelona,054,10,2023,8,26,23,V,,N,,N,,N,,N,,N,,N,,N,,N,,N,,N,,N,,N,,N,,N,,N,,N,,N,,N,,N,,N,,N,,N,,N
08,Barcelona,019,Barcelona,057,9,2023,8,23,14,V,13,V,13,V,13,V,11,V,11,V,12,V,12,V,16,V,22,V,17,V,14,V,12,V,10,V,11,V,10,V,9,V,9,V,8,V,10,V,12,V,14,V,16,V,14,V
08,Barcelona,019,Barcelona,057,9,2023,8,24,15,V,14,V,13,V,14,V,14,V,15,V,16,V,19,V,19,V,25,V,21,V,30,V,26,V,17,V,12,V,13,V,13,V,14,V,11,V,9,V,9,V,9,V,10,V,10,V
08,Barcelona,019,Barcelona,057,9,2023,8,25,10,V,10,V,10,V,10,V,10,V,11,V,11,V,11,V,10,V,10,V,10,V,9,V,9,V,8,V,10,V,9,V,9,V,8,V,8,V,9,V,10,V,10,V,10,V,10,V
08,Barcelona,019,Barcelona,057,9,2023,8,26,11,V,10,V,10,V,10,V,12,V,12,V,11,V,,N,,N,,N,,N,,N,,N,,N,,N,,N,,N,,N,,N,,N,,N,,N,,N,,N
08,Barcelona,019,Barcelona,043,901,2023,8,23,0,V,0,V,0,V,0,V,0,V,0,V,0,V,0,V,0,V,0,V,0,V,0,V,0,V,0,V,0,V,0,V,0,V,0,V,0,V,0,V,0,V,0,V,0,V,0,V
08,Barcelona,019,Barcelona,043,901,2023,8,24,0,V,0,V,0,V,0,V,0,V,0,V,0,V,0,V,0,V,0,V,0,V,0,V,0,V,0,V,0,V,0,V,0,V,0,V,0,V,0,V,0,V,0,V,0,V,46,V
08,Barcelona,019,Barcelona,043,901,2023,8,25,774,V,0,V,0,V,0,V,0,V,0,V,0,V,0,V,0,V,0,V,0,V,0,V,0,V,0,V,0,V,0,V,0,V,0,V,0,V,0,V,0,V,0,V,0,V,0,V
08,Barcelona,019,Barcelona,043,901,2023,8,26,0,V,0,V,0,V,0,V,0,V,0,V,0,V,,N,,N,,N,,N,,N,,N,,N,,N,,N,,N,,N,,N,,N,,N,,N,,N,,N
08,Barcelona,019,Barcelona,054,901,2023,8,23,0,V,0,V,0,V,0,V,0,V,0,V,0,V,0,V,0,V,0,V,0,V,0,V,0,V,0,V,0,V,0,V,0,V,0,V,0,V,0,V,0,V,0,V,0,V,0,V
08,Barcelona,019,Barcelona,054,901,2023,8,24,0,V,0,V,0,V,0,V,0,V,0,V,0,V,0,V,0,V,0,V,0,V,0,V,0,V,0,V,0,V,0,V,0,V,0,V,0,V,0,V,0,V,0,V,0,V,0,V
08,Barcelona,019,Barcelona,054,901,2023,8,25,819,V,0,V,0,V,0,V,0,V,0,V,0,V,0,V,0,V,0,V,0,V,0,V,0,V,0,V,0,V,0,V,0,V,0,V,0,V,0,V,0,V,0,V,0,V,0,V
08,Barcelona,019,Barcelona,054,901,2023,8,26,0,V,0,V,0,V,0,V,0,V,0,V,0,V,,N,,N,,N,,N,,N,,N,,N,,N,,N,,N,,N,,N,,N,,N,,N,,N,,N
08,Barcelona,019,Barcelona,043,1,2023,8,23,1,V,2,V,1,V,1,V,1,V,1,V,2,V,2,V,2,V,4,V,8,V,6,V,3,V,3,V,3,V,3,V,2,V,2,V,2,V,2,V,2,V,1,V,1,V,1,V
08,Barcelona,019,Barcelona,043,1,2023,8,24,1,V,1,V,2,V,2,V,1,V,2,V,2,V,2,V,3,V,2,V,2,V,1,V,1,V,3,V,2,V,2,V,2,V,2,V,1,V,1,V,1,V,1,V,1,V,1,V
08,Barcelona,019,Barcelona,043,1,2023,8,25,1,V,1,V,1,V,1,V,1,V,1,V,1,V,1,V,1,V,1,V,1,V,1,V,1,V,1,V,1,V,1,V,1,V,1,V,1,V,1,V,1,V,1,V,1,V,1,V
08,Barcelona,019,Barcelona,043,1,2023,8,26,1,V,1,V,1,V,1,V,1,V,1,V,1,V,,N,,N,,N,,N,,N,,N,,N,,N,,N,,N,,N,,N,,N,,N,,N,,N,,N
08,Barcelona,019,Barcelona,044,1,2023,8,23,1,V,1,V,2,V,2,V,2,V,2,V,2,V,2,V,3,V,3,V,2,V,2,V,2,V,2,V,2,V,2,V,3,V,2,V,2,V,2,V,2,V,2,V,2,V,2,V
08,Barcelona,019,Barcelona,044,1,2023,8,24,3,V,2,V,2,V,2,V,2,V,2,V,1,V,2,V,2,V,2,V,2,V,1,V,2,V,2,V,2,V,2,V,2,V,2,V,2,V,2,V,1,V,1,V,1,V,2,V
08,Barcelona,019,Barcelona,044,1,2023,8,25,2,V,2,V,2,V,1,V,1,V,1,V,1,V,1,V,1,V,2,V,1,V,1,V,1,V,1,V,1,V,2,V,2,V,2,V,1,V,1,V,2,V,1,V,1,V,2,V
08,Barcelona,019,Barcelona,044,1,2023,8,26,1,V,1,V,1,V,2,V,2,V,1,V,1,V,,N,,N,,N,,N,,N,,N,,N,,N,,N,,N,,N,,N,,N,,N,,N,,N,,N
08,Barcelona,019,Barcelona,057,1,2023,8,23,2,V,2,V,2,V,1,V,2,V,1,V,1,V,2,V,2,V,2,V,2,V,3,V,3,V,3,V,4,V,4,V,3,V,3,V,3,V,2,V,2,V,2,V,2,V,2,V
08,Barcelona,019,Barcelona,057,1,2023,8,24,2,V,2,V,2,V,2,V,2,V,2,V,2,V,2,V,2,V,3,V,3,V,2,V,1,V,2,V,2,V,2,V,2,V,2,V,2,V,1,V,2,V,1,V,2,V,2,V
08,Barcelona,019,Barcelona,057,1,2023,8,25,2,V,2,V,1,V,1,V,2,V,1,V,1,V,1,V,1,V,1,V,2,V,2,V,2,V,2,V,2,V,2,V,2,V,2,V,2,V,1,V,1,V,1,V,1,V,1,V
08,Barcelona,019,Barcelona,057,1,2023,8,26,1,V,1,V,1,V,1,V,1,V,1,V,1,V,,N,,N,,N,,N,,N,,N,,N,,N,,N,,N,,N,,N,,N,,N,,N,,N,,N
08,Barcelona,019,Barcelona,054,1,2023,8,23,1,V,1,V,1,V,1,V,1,V,1,V,1,V,1,V,2,V,3,V,3,V,2,V,3,V,2,V,2,V,2,V,2,V,2,V,2,V,1,V,1,V,1,V,1,V,2,V
08,Barcelona,019,Barcelona,054,1,2023,8,24,1,V,1,V,2,V,2,V,1,V,1,V,1,V,1,V,1,V,2,V,2,V,2,V,2,V,3,V,2,V,2,V,1,V,1,V,1,V,1,V,1,V,1,V,1,V,1,V
08,Barcelona,019,Barcelona,054,1,2023,8,25,1,V,1,V,1,V,1,V,1,V,1,V,1,V,1,V,1,V,1,V,1,V,1,V,1,V,1,V,1,V,1,V,1,V,1,V,1,V,1,V,1,V,1,V,1,V,1,V
08,Barcelona,019,Barcelona,054,1,2023,8,26,1,V,1,V,1,V,1,V,1,V,1,V,1,V,,N,,N,,N,,N,,N,,N,,N,,N,,N,,N,,N,,N,,N,,N,,N,,N,,N
08,Barcelona,019,Barcelona,057,106,2023,8,23,0.01,V,0.01,V,0.01,V,0.01,V,0.01,V,0.01,V,0.01,V,0.01,V,0.01,V,0.01,V,0.01,V,0.01,V,0.05,V,0.27,V,0.15,V,0.07,V,0.01,V,0.05,V,0.2,V,0.32,V,0.38,V,0.46,V,0.48,V,0.49,V
08,Barcelona,019,Barcelona,057,106,2023,8,24,0.51,V,0.44,V,0.39,V,0.43,V,0.43,V,0.41,V,0.4,V,0.38,V,0.34,V,0.28,V,0.19,V,0.31,V,0.15,V,0.05,V,0.07,V,0.09,V,0.08,V,0.08,V,0.05,V,0.04,V,0.02,V,0.01,V,0.01,V,0.02,V
08,Barcelona,019,Barcelona,057,106,2023,8,25,0.03,V,0.05,V,0.04,V,0.05,V,0.08,V,0.06,V,0.04,V,0.08,V,0.04,V,0.03,V,0.04,V,0.07,V,0.06,V,0.09,V,0.09,V,0.07,V,0.07,V,0.08,V,0.06,V,0.06,V,0.07,V,0.07,V,0.05,V,0.06,V
08,Barcelona,019,Barcelona,057,106,2023,8,26,0.06,V,0.06,V,0.05,V,0.05,V,0.07,V,0.06,V,0.05,V,,N,,N,,N,,N,,N,,N,,N,,N,,N,,N,,N,,N,,N,,N,,N,,N,,N
08,Barcelona,019,Barcelona,057,108,2023,8,23,19.39,V,11.12,V,12.88,V,17.95,V,7.99,V,15.83,V,27.15,V,59.34,V,72.68,V,60.21,V,47.78,V,63.75,V,25.97,V,13.95,V,20.23,V,14.61,V,10.14,V,9.79,V,10.15,V,12.77,V,19.84,V,42.08,V,55.97,V,55.94,V
08,Barcelona,019,Barcelona,057,108,2023,8,24,47,V,44.98,V,25.38,V,37.85,V,42.35,V,50.18,V,52.35,V,58.07,V,47.27,V,50.18,V,48.73,V,48.58,V,27.45,V,11.28,V,7.53,V,7.44,V,7.31,V,8.27,V,7.2,V,7.75,V,7.36,V,5.48,V,6.28,V,6.25,V
08,Barcelona,019,Barcelona,057,108,2023,8,25,7.24,V,6.42,V,5.63,V,9.7,V,21.22,V,20.15,V,7.61,V,12.54,V,6.04,V,6.71,V,7.61,V,9.36,V,8.27,V,7.87,V,5.93,V,6.23,V,7.1,V,5.17,V,5.25,V,6.49,V,5.81,V,5.02,V,4.04,V,4.44,V
08,Barcelona,019,Barcelona,057,108,2023,8,26,13.85,V,7.54,V,3.2,V,2.19,V,11.28,V,11.14,V,10.27,V,,N,,N,,N,,N,,N,,N,,N,,N,,N,,N,,N,,N,,N,,N,,N,,N,,N
08,Barcelona,019,Barcelona,057,112,2023,8,23,21.58,V,13.27,V,15,V,19.93,V,9.95,V,18.27,V,29.69,V,65.87,V,101.52,V,76.37,V,56.33,V,77.84,V,30.88,V,16.97,V,23.85,V,17.64,V,13.11,V,12.24,V,12.28,V,14.83,V,21.82,V,44.22,V,58.43,V,58.38,V
08,Barcelona,019,Barcelona,057,112,2023,8,24,49.23,V,46.93,V,27.43,V,40.01,V,44.49,V,54.59,V,61.6,V,83.18,V,61.7,V,64.43,V,60.97,V,58.43,V,32.93,V,14.8,V,10.5,V,10.41,V,10.27,V,11.2,V,9.57,V,9.83,V,8.87,V,6.97,V,7.9,V,7.7,V
08,Barcelona,019,Barcelona,057,112,2023,8,25,8.86,V,8.08,V,7.4,V,11.56,V,23.05,V,22.08,V,9.34,V,14.14,V,7.8,V,9.09,V,10.14,V,12.91,V,11.58,V,11.38,V,8.69,V,9.28,V,10.23,V,7.83,V,7.44,V,8.7,V,7.59,V,6.63,V,5.75,V,6.3,V
08,Barcelona,019,Barcelona,057,112,2023,8,26,15.59,V,9.17,V,4.82,V,3.89,V,13.06,V,13.13,V,12.05,V,,N,,N,,N,,N,,N,,N,,N,,N,,N,,N,,N,,N,,N,,N,,N,,N,,N
08,Barcelona,019,Barcelona,057,107,2023,8,23,1.43,V,1.4,V,1.39,V,1.3,V,1.28,V,1.59,V,1.66,V,4.27,V,18.87,V,10.58,V,5.6,V,9.22,V,3.22,V,1.97,V,2.37,V,1.99,V,1.94,V,1.6,V,1.4,V,1.35,V,1.3,V,1.39,V,1.6,V,1.6,V
08,Barcelona,019,Barcelona,057,107,2023,8,24,1.46,V,1.28,V,1.34,V,1.42,V,1.4,V,2.88,V,6.05,V,16.44,V,9.45,V,9.33,V,8.02,V,6.45,V,3.59,V,2.31,V,1.95,V,1.94,V,1.93,V,1.92,V,1.55,V,1.36,V,0.99,V,0.97,V,1.06,V,0.95,V
08,Barcelona,019,Barcelona,057,107,2023,8,25,1.06,V,1.09,V,1.16,V,1.22,V,1.2,V,1.26,V,1.14,V,1.05,V,1.15,V,1.56,V,1.66,V,2.32,V,2.16,V,2.29,V,1.81,V,2,V,2.05,V,1.75,V,1.44,V,1.45,V,1.17,V,1.05,V,1.12,V,1.22,V
08,Barcelona,019,Barcelona,057,107,2023,8,26,1.14,V,1.07,V,1.06,V,1.11,V,1.17,V,1.3,V,1.17,V,,N,,N,,N,,N,,N,,N,,N,,N,,N,,N,,N,,N,,N,,N,,N,,N,,N
08,Barcelona,019,Barcelona,057,114,2023,8,23,59.8,V,72.6,V,67.4,V,62,V,79.6,V,65.8,V,45.8,V,19.4,V,16.3,V,43.8,V,79.5,V,74.1,V,111.9,V,120,V,136.8,V,137.4,V,124.5,V,114,V,108.7,V,108.4,V,98.7,V,66.8,V,30.2,V,20.1,V
08,Barcelona,019,Barcelona,057,114,2023,8,24,19.3,V,17.4,V,45.4,V,34.5,V,18.6,V,6,V,1.1,V,2.8,V,20.8,V,36.1,V,60.6,V,87.9,V,107.2,V,111.7,V,106.8,V,107,V,104.8,V,106.9,V,107.3,V,102.7,V,103.4,V,95.7,V,98,V,96.3,V
08,Barcelona,019,Barcelona,057,114,2023,8,25,89.3,V,77.8,V,73.6,V,63.9,V,55,V,55.8,V,71.2,V,60.2,V,87.9,V,91.5,V,87.9,V,87.1,V,91.7,V,97.5,V,101.1,V,96.7,V,99.8,V,99.6,V,96.8,V,95.8,V,83.5,V,89.8,V,85.6,V,76,V
08,Barcelona,019,Barcelona,057,114,2023,8,26,66.4,V,74.5,V,88.3,V,84.8,V,65.3,V,65.3,V,67,V,,N,,N,,N,,N,,N,,N,,N,,N,,N,,N,,N,,N,,N,,N,,N,,N,,N
08,Barcelona,019,Barcelona,057,110,2023,8,23,32.6,V,31.6,V,35,V,28.2,V,20.7,V,20.6,V,22.3,V,27,V,59.5,V,142.2,V,79.4,V,51.1,V,30.4,V,25.2,V,24.5,V,24,V,19.3,V,19.5,V,18.9,V,23.7,V,34.4,V,38.8,V,39.7,V,34.2,V
08,Barcelona,019,Barcelona,057,110,2023,8,24,34.6,V,29.1,V,24.7,V,28,V,29,V,30.4,V,30.4,V,43.3,V,48,V,112.2,V,53.7,V,66.6,V,49.7,V,25.2,V,22.4,V,24.5,V,24.8,V,23.4,V,18.1,V,15.5,V,14.7,V,13.4,V,13.6,V,14.3,V
08,Barcelona,019,Barcelona,057,110,2023,8,25,16.4,V,16.5,V,13.9,V,14.2,V,14.8,V,15.9,V,15.3,V,15.9,V,17.5,V,21.2,V,18.8,V,19.4,V,16.2,V,14,V,17.3,V,15.3,V,14.7,V,13.6,V,13.9,V,14.3,V,15,V,13.4,V,13.4,V,14.8,V
08,Barcelona,019,Barcelona,057,110,2023,8,26,15,V,14.3,V,14.1,V,13.6,V,15.6,V,15.7,V,14.8,V,,N,,N,,N,,N,,N,,N,,N,,N,,N,,N,,N,,N,,N,,N,,N,,N,,N
08,Barcelona,019,Barcelona,057,109,2023,8,23,13.9,V,13.2,V,13.2,V,12.7,V,10.5,V,10.7,V,11.6,V,12.1,V,15.9,V,22.4,V,17.1,V,13.8,V,11.9,V,10.2,V,10.9,V,10,V,8.8,V,8.4,V,8.4,V,9.5,V,11.5,V,13.4,V,15.5,V,13.6,V
08,Barcelona,019,Barcelona,057,109,2023,8,24,14.7,V,14.3,V,12.5,V,13.6,V,14.5,V,15.2,V,16,V,19.1,V,18.7,V,24.3,V,20.9,V,29.7,V,26.2,V,16.6,V,12.3,V,12.5,V,13,V,13.6,V,10.8,V,8.7,V,9,V,9.5,V,9.7,V,10,V
08,Barcelona,019,Barcelona,057,109,2023,8,25,10.2,V,9.7,V,9.7,V,9.9,V,10.4,V,11,V,10.8,V,11.1,V,10.2,V,9.9,V,9.5,V,9.2,V,8.4,V,7.9,V,9.8,V,8.8,V,8.7,V,8.2,V,8.4,V,8.8,V,9.4,V,9.7,V,9.6,V,10.3,V
08,Barcelona,019,Barcelona,057,109,2023,8,26,10.6,V,10.2,V,10.1,V,9.9,V,11.4,V,11.5,V,10.6,V,,N,,N,,N,,N,,N,,N,,N,,N,,N,,N,,N,,N,,N,,N,,N,,N,,N
08,Barcelona,019,Barcelona,057,101,2023,8,23,1.51,V,1.33,V,1.42,V,1.2,V,1.42,V,1.24,V,1.36,V,1.4,V,1.62,V,1.87,V,1.79,V,2.76,V,3.07,V,2.87,V,3.81,V,4.2,V,3.49,V,3.07,V,2.52,V,2.12,V,1.79,V,1.62,V,1.61,V,1.39,V
08,Barcelona,019,Barcelona,057,101,2023,8,24,1.54,V,1.77,V,1.84,V,1.75,V,1.66,V,1.66,V,1.5,V,1.67,V,1.7,V,2.47,V,2.93,V,1.49,V,1.44,V,1.43,V,1.26,V,1.54,V,1.61,V,1.4,V,1.44,V,1.25,V,1.47,V,1.29,V,1.39,V,1.31,V
08,Barcelona,019,Barcelona,057,101,2023,8,25,1.45,V,1.35,V,1.18,V,1.26,V,1.36,V,1.23,V,1.2,V,1.13,V,1.26,V,1.01,V,1.44,V,1.47,V,1.49,V,1.6,V,1.52,V,1.36,V,1.72,V,1.46,V,1.32,V,1.17,V,1.22,V,1.33,V,1.03,V,0.92,V
08,Barcelona,019,Barcelona,057,101,2023,8,26,1,V,1.19,V,0.94,V,1.05,V,1.13,V,1.15,V,1.17,V,,N,,N,,N,,N,,N,,N,,N,,N,,N,,N,,N,,N,,N,,N,,N,,N,,N
08,Barcelona,019,Barcelona,043,9,2023,8,23,20,V,18,V,20,V,20,V,19,V,18,V,19,V,22,V,22,V,31,V,30,V,26,V,19,V,19,V,21,V,20,V,18,V,14,V,13,V,14,V,14,V,16,V,18,V,23,V
08,Barcelona,019,Barcelona,043,9,2023,8,24,25,V,21,V,22,V,20,V,19,V,19,V,19,V,21,V,23,V,23,V,22,V,23,V,22,V,15,V,12,V,12,V,13,V,12,V,15,V,14,V,13,V,12,V,12,V,12,V
08,Barcelona,019,Barcelona,043,9,2023,8,25,13,V,16,V,12,V,12,V,13,V,13,V,13,V,13,V,13,V,14,V,14,V,13,V,13,V,12,V,12,V,12,V,12,V,14,V,12,V,13,V,13,V,13,V,13,V,13,V
08,Barcelona,019,Barcelona,043,9,2023,8,26,12,V,12,V,12,V,12,V,13,V,13,V,11,V,,N,,N,,N,,N,,N,,N,,N,,N,,N,,N,,N,,N,,N,,N,,N,,N,,N
